<metadata xml:lang="en"><Esri><CreaDate>20130619</CreaDate><CreaTime>11545700</CreaTime><ArcGISFormat>1.0</ArcGISFormat><SyncOnce>FALSE</SyncOnce><DataProperties><lineage><Process ToolSource="c:\program files\arcgis\desktop10.1\ArcToolbox\Toolboxes\Data Management Tools.tbx\CalculateField" Date="20130618" Time="173220" Name="" export="">CalculateField CT10_JoinStreetSegments StreetLength_Mile [Sum_DB2GSE_SdeLength_SHAPE_]/5280 VB #</Process><Process ToolSource="c:\program files\arcgis\desktop10.1\ArcToolbox\Toolboxes\Data Management Tools.tbx\CalculateField" Date="20130618" Time="173228" Name="" export="">CalculateField CT10_JoinStreetSegments StreetLength_Mile [Sum_DB2GSE_SdeLength_SHAPE_]/5280 VB #</Process><Process ToolSource="c:\program files\arcgis\desktop10.1\ArcToolbox\Toolboxes\Data Management Tools.tbx\CalculateField" Date="20130618" Time="174108" Name="" export="">CalculateField CT10_JoinStreetSegments TrfcCnt_Mile "[Sum_T24hr_cnt] / [StreetLength_Mile]" VB #</Process><Process ToolSource="c:\program files\arcgis\desktop10.1\ArcToolbox\Toolboxes\Data Management Tools.tbx\CalculateField" Date="20130619" Time="095322" Name="" export="">CalculateField CT10_JoinStreetSegments TrfcCnt_Mile round( [TrfcCnt_Mile]) VB #</Process><Process ToolSource="c:\program files\arcgis\desktop10.1\ArcToolbox\Toolboxes\Data Management Tools.tbx\CalculateField" Date="20130619" Time="114633" Name="" export="">CalculateField CT10_JoinStreetSegments StreetLength_feet round( [Sum_DB2GSE_SdeLength_SHAPE_],2) VB #</Process><Process ToolSource="c:\program files\arcgis\desktop10.1\ArcToolbox\Toolboxes\Data Management Tools.tbx\CalculateField" Date="20130619" Time="114807" Name="" export="">CalculateField CT10_JoinStreetSegments TotalTfcCnt round( [Sum_T24hr_cnt] ,2) VB #</Process></lineage><itemProps><itemName Sync="TRUE">SanFranciscoTrafficDensity_2010CensusTracts</itemName><nativeExtBox><westBL Sync="TRUE">5979385.645657</westBL><eastBL Sync="TRUE">6024741.001444</eastBL><southBL Sync="TRUE">2085840.500040</southBL><northBL Sync="TRUE">2131293.999986</northBL><exTypeCode Sync="TRUE">1</exTypeCode></nativeExtBox><itemSize Sync="TRUE">0.687</itemSize><itemLocation><linkage Sync="TRUE">file://\\fox-fp01\fox-gis$\GISdata\SCI Indicators\ZippedShapefiles\Transportation\SanFranciscoTrafficDensity_2010CensusTracts.shp</linkage><protocol Sync="TRUE">Local Area Network</protocol></itemLocation><imsContentType Sync="TRUE">002</imsContentType></itemProps><coordRef><type Sync="TRUE">Projected</type><geogcsn Sync="TRUE">GCS_North_American_1983</geogcsn><csUnits Sync="TRUE">Linear Unit: Foot_US (0.304801)</csUnits><projcsn Sync="TRUE">NAD_1983_StatePlane_California_III_FIPS_0403_Feet</projcsn><peXml Sync="TRUE">&lt;ProjectedCoordinateSystem xsi:type='typens:ProjectedCoordinateSystem' xmlns:xsi='http://www.w3.org/2001/XMLSchema-instance' xmlns:xs='http://www.w3.org/2001/XMLSchema' xmlns:typens='http://www.esri.com/schemas/ArcGIS/10.1'&gt;&lt;WKT&gt;PROJCS[&amp;quot;NAD_1983_StatePlane_California_III_FIPS_0403_Feet&amp;quot;,GEOGCS[&amp;quot;GCS_North_American_1983&amp;quot;,DATUM[&amp;quot;D_North_American_1983&amp;quot;,SPHEROID[&amp;quot;GRS_1980&amp;quot;,6378137.0,298.257222101]],PRIMEM[&amp;quot;Greenwich&amp;quot;,0.0],UNIT[&amp;quot;Degree&amp;quot;,0.0174532925199433]],PROJECTION[&amp;quot;Lambert_Conformal_Conic&amp;quot;],PARAMETER[&amp;quot;False_Easting&amp;quot;,6561666.666666666],PARAMETER[&amp;quot;False_Northing&amp;quot;,1640416.666666667],PARAMETER[&amp;quot;Central_Meridian&amp;quot;,-120.5],PARAMETER[&amp;quot;Standard_Parallel_1&amp;quot;,37.06666666666667],PARAMETER[&amp;quot;Standard_Parallel_2&amp;quot;,38.43333333333333],PARAMETER[&amp;quot;Latitude_Of_Origin&amp;quot;,36.5],UNIT[&amp;quot;Foot_US&amp;quot;,0.3048006096012192],AUTHORITY[&amp;quot;EPSG&amp;quot;,2227]]&lt;/WKT&gt;&lt;XOrigin&gt;-115860600&lt;/XOrigin&gt;&lt;YOrigin&gt;-93269500&lt;/YOrigin&gt;&lt;XYScale&gt;36787427.345686711&lt;/XYScale&gt;&lt;ZOrigin&gt;-100000&lt;/ZOrigin&gt;&lt;ZScale&gt;10000&lt;/ZScale&gt;&lt;MOrigin&gt;-100000&lt;/MOrigin&gt;&lt;MScale&gt;10000&lt;/MScale&gt;&lt;XYTolerance&gt;0.0032808333333333331&lt;/XYTolerance&gt;&lt;ZTolerance&gt;0.001&lt;/ZTolerance&gt;&lt;MTolerance&gt;0.001&lt;/MTolerance&gt;&lt;HighPrecision&gt;true&lt;/HighPrecision&gt;&lt;WKID&gt;102643&lt;/WKID&gt;&lt;LatestWKID&gt;2227&lt;/LatestWKID&gt;&lt;/ProjectedCoordinateSystem&gt;</peXml></coordRef><copyHistory><copy source="N:\GISdata\SCI Indicators\ZippedShapefiles\Environment\SanFranciscoTrafficDensity_2010CensusTracts" dest="\\fox-fp01\fox-gis$\GISdata\SCI Indicators\ZippedShapefiles\Transportation\SanFranciscoTrafficDensity_2010CensusTracts" date="20130619" time="16033600"/></copyHistory></DataProperties><SyncDate>20130621</SyncDate><SyncTime>10142800</SyncTime><ModDate>20130621</ModDate><ModTime>10144900</ModTime><scaleRange><minScale>150000000</minScale><maxScale>5000</maxScale></scaleRange><ArcGISProfile>ItemDescription</ArcGISProfile></Esri><eainfo><detailed Name="SanFranciscoTrafficDensity_2010CensusTracts"><enttyp><enttypl Sync="TRUE">SanFranciscoTrafficDensity_2010CensusTracts</enttypl><enttypt Sync="TRUE">Feature Class</enttypt><enttypc Sync="TRUE">195</enttypc></enttyp><attr><attrlabl Sync="TRUE">FID</attrlabl><attalias Sync="TRUE">FID</attalias><attrtype Sync="TRUE">OID</attrtype><attwidth Sync="TRUE">4</attwidth><atprecis Sync="TRUE">0</atprecis><attscale Sync="TRUE">0</attscale><attrdef Sync="TRUE">Internal feature number.</attrdef><attrdefs Sync="TRUE">Esri</attrdefs><attrdomv><udom Sync="TRUE">Sequential unique whole numbers that are automatically generated.</udom></attrdomv></attr><attr><attrlabl Sync="TRUE">Shape</attrlabl><attalias Sync="TRUE">Shape</attalias><attrtype Sync="TRUE">Geometry</attrtype><attwidth Sync="TRUE">0</attwidth><atprecis Sync="TRUE">0</atprecis><attscale Sync="TRUE">0</attscale><attrdef Sync="TRUE">Feature geometry.</attrdef><attrdefs Sync="TRUE">Esri</attrdefs><attrdomv><udom Sync="TRUE">Coordinates defining the features.</udom></attrdomv></attr><attr><attrlabl Sync="TRUE">Tract2010</attrlabl><attalias Sync="TRUE">Tract2010</attalias><attrtype Sync="TRUE">Integer</attrtype><attwidth Sync="TRUE">9</attwidth><atprecis Sync="TRUE">9</atprecis><attscale Sync="TRUE">0</attscale></attr><attr><attrlabl Sync="TRUE">Area_A</attrlabl><attalias Sync="TRUE">Area_A</attalias><attrtype Sync="TRUE">Single</attrtype><attwidth Sync="TRUE">13</attwidth><atprecis Sync="TRUE">0</atprecis><attscale Sync="TRUE">0</attscale></attr><attr><attrlabl Sync="TRUE">Area_smi</attrlabl><attalias Sync="TRUE">Area_smi</attalias><attrtype Sync="TRUE">Single</attrtype><attwidth Sync="TRUE">13</attwidth><atprecis Sync="TRUE">0</atprecis><attscale Sync="TRUE">0</attscale></attr><attr><attrlabl Sync="TRUE">Tract2010_</attrlabl><attalias Sync="TRUE">Tract2010_</attalias><attrtype Sync="TRUE">String</attrtype><attwidth Sync="TRUE">10</attwidth><atprecis Sync="TRUE">0</atprecis><attscale Sync="TRUE">0</attscale></attr><attr><attrlabl Sync="TRUE">Sum_Shape_</attrlabl><attalias Sync="TRUE">Sum_Shape_</attalias><attrtype Sync="TRUE">Double</attrtype><attwidth Sync="TRUE">19</attwidth><atprecis Sync="TRUE">0</atprecis><attscale Sync="TRUE">0</attscale></attr><attr><attrlabl Sync="TRUE">Shape_Leng</attrlabl><attalias Sync="TRUE">Shape_Leng</attalias><attrtype Sync="TRUE">Double</attrtype><attwidth Sync="TRUE">19</attwidth><atprecis Sync="TRUE">0</atprecis><attscale Sync="TRUE">0</attscale></attr><attr><attrlabl Sync="TRUE">Shape_Area</attrlabl><attalias Sync="TRUE">Shape_Area</attalias><attrtype Sync="TRUE">Double</attrtype><attwidth Sync="TRUE">19</attwidth><atprecis Sync="TRUE">0</atprecis><attscale Sync="TRUE">0</attscale><attrdef Sync="TRUE">Area of feature in internal units squared.</attrdef><attrdefs Sync="TRUE">Esri</attrdefs><attrdomv><udom Sync="TRUE">Positive real numbers that are automatically generated.</udom></attrdomv></attr><attr><attrlabl Sync="TRUE">StreetLeng</attrlabl><attalias Sync="TRUE">StreetLeng</attalias><attrtype Sync="TRUE">Double</attrtype><attwidth Sync="TRUE">19</attwidth><atprecis Sync="TRUE">0</atprecis><attscale Sync="TRUE">0</attscale></attr><attr><attrlabl Sync="TRUE">TrfcCnt_Mi</attrlabl><attalias Sync="TRUE">TrfcCnt_Mi</attalias><attrtype Sync="TRUE">Single</attrtype><attwidth Sync="TRUE">13</attwidth><atprecis Sync="TRUE">0</atprecis><attscale Sync="TRUE">0</attscale></attr><attr><attrlabl Sync="TRUE">StreetLe_1</attrlabl><attalias Sync="TRUE">StreetLe_1</attalias><attrtype Sync="TRUE">Double</attrtype><attwidth Sync="TRUE">19</attwidth><atprecis Sync="TRUE">0</atprecis><attscale Sync="TRUE">0</attscale></attr><attr><attrlabl Sync="TRUE">TotalTfcCn</attrlabl><attalias Sync="TRUE">TotalTfcCn</attalias><attrtype Sync="TRUE">Double</attrtype><attwidth Sync="TRUE">19</attwidth><atprecis Sync="TRUE">0</atprecis><attscale Sync="TRUE">0</attscale></attr></detailed></eainfo><dataIdInfo><idCitation><resTitle Sync="FALSE">Traffic Density, San Francisco, CA</resTitle><presForm><PresFormCd value="005" Sync="TRUE"/></presForm></idCitation><idPurp>Daily vehicle counts per mile of street segment aggregated at the U.S. Census Tract level in San Francisco, CA. </idPurp><idAbs>&lt;DIV STYLE="text-align:Left;"&gt;&lt;DIV&gt;&lt;DIV&gt;&lt;P&gt;&lt;SPAN&gt;Traffic volume by street segment was modeled using the SF-CHAMP 4.3.0 modeling software. Total street traffic volume and street length in miles was aggregated at the U.S. Census Tract level and daily vehicle count per mile of street segment was then calculated.&lt;/SPAN&gt;&lt;/P&gt;&lt;P&gt;&lt;SPAN STYLE="font-weight:bold;"&gt;Field Definitions&lt;/SPAN&gt;&lt;SPAN&gt;: &lt;/SPAN&gt;&lt;/P&gt;&lt;P&gt;&lt;SPAN&gt;Tract2010: 2010 census tract number&lt;/SPAN&gt;&lt;/P&gt;&lt;P&gt;&lt;SPAN&gt;Area_A: Tract area in acres&lt;/SPAN&gt;&lt;/P&gt;&lt;P&gt;&lt;SPAN&gt;Area_smi: Tract area in square miles&lt;/SPAN&gt;&lt;/P&gt;&lt;P&gt;&lt;SPAN&gt;Tract2010_: 2010 census tract number as text&lt;/SPAN&gt;&lt;/P&gt;&lt;P&gt;&lt;SPAN&gt;StreetLeng: Total street length in miles per census tract&lt;/SPAN&gt;&lt;/P&gt;&lt;P&gt;&lt;SPAN&gt;StreetLe_1: Total street length in feet per census tract&lt;/SPAN&gt;&lt;/P&gt;&lt;P&gt;&lt;SPAN&gt;TotalTfcCn: Total daily traffic count on the streets within the census tract&lt;/SPAN&gt;&lt;/P&gt;&lt;P&gt;&lt;SPAN&gt;TrfcCnt_Mi: Total daily traffic per one mile of street segment within the census tract&lt;/SPAN&gt;&lt;/P&gt;&lt;P&gt;&lt;SPAN STYLE="font-weight:bold;"&gt;Source&lt;/SPAN&gt;&lt;SPAN&gt;: San Francisco County Transportation Authority (SFCTA), SF CHAMP Transportation Forecasting Model version 4.3.0.&lt;/SPAN&gt;&lt;/P&gt;&lt;/DIV&gt;&lt;/DIV&gt;&lt;/DIV&gt;</idAbs><idCredit>City/County of San Francisco Department of Public Health, Environmental Health, Program on Health Equity and Sustainability, http://www.sfphes.org</idCredit><searchKeys><keyword>sci</keyword><keyword>sustainable communities index</keyword><keyword>hdmt</keyword><keyword>healthy development measurement tool</keyword><keyword>san francisco</keyword><keyword>environmental health</keyword><keyword>department of public health</keyword><keyword>dph</keyword><keyword>sfdph</keyword><keyword>sfphes</keyword><keyword>phes</keyword><keyword>transportation</keyword><keyword>car</keyword><keyword>motor vehicle</keyword><keyword>traffic density</keyword><keyword>traffic</keyword><keyword>SFCTA</keyword><keyword>transportation district</keyword></searchKeys><resConst><Consts><useLimit>&lt;DIV STYLE="text-align:Left;"&gt;&lt;DIV&gt;&lt;DIV&gt;&lt;P&gt;&lt;SPAN STYLE="font-weight:bold;"&gt;SFDPH Disclaimer&lt;/SPAN&gt;&lt;SPAN&gt;: This data is being provided as public information as defined under San Francisco and California public records laws. The San Francisco Department of Public Health (SFDPH, or the Department) cannot limit or restrict the use of this data or its interpretation by other parties in any way. Where the data is communicated, distributed, reproduced, mapped, or used in any other way, the user should acknowledge SFDPH as the source of the data, provide a reference to the original data source where also applicable, and note any caveats specified in the associated methodological documentation provided by the Department. However, users should not attribute their analysis or interpretation of this data to SFDPH. While the data has been collected and/or produced for the use of SFDPH, the Department cannot guarantee its accuracy or completeness. As all data is associated with methodological assumptions and limitations, the Department recommends that users review methodological documentation associated with the data prior to its analysis, interpretation, or communication.&lt;/SPAN&gt;&lt;/P&gt;&lt;P&gt;&lt;SPAN&gt;These data may be subject to additional copyright restrictions of which we are unaware. Please consult the data sources listed in the description section before using this data for commercial purposes.&lt;/SPAN&gt;&lt;/P&gt;&lt;/DIV&gt;&lt;/DIV&gt;&lt;/DIV&gt;</useLimit></Consts></resConst><envirDesc Sync="TRUE">Microsoft Windows Vista Version 6.0 (Build 6002) Service Pack 2; Esri ArcGIS 10.1.1.3143</envirDesc><dataLang><languageCode value="eng" Sync="TRUE"/><countryCode value="USA" Sync="TRUE"/></dataLang><spatRpType><SpatRepTypCd value="001" Sync="TRUE"/></spatRpType><dataExt><geoEle xmlns=""><GeoBndBox esriExtentType="search"><exTypeCode Sync="TRUE">1</exTypeCode><westBL Sync="TRUE">-122.516338</westBL><eastBL Sync="TRUE">-122.356202</eastBL><northBL Sync="TRUE">37.833505</northBL><southBL Sync="TRUE">37.706124</southBL></GeoBndBox></geoEle></dataExt></dataIdInfo><mdLang><languageCode value="eng" Sync="TRUE"/><countryCode value="USA" Sync="TRUE"/></mdLang><distInfo><distFormat><formatName Sync="TRUE">Shapefile</formatName></distFormat><distTranOps><transSize Sync="TRUE">0.687</transSize></distTranOps></distInfo><mdHrLv><ScopeCd value="005" Sync="TRUE"/></mdHrLv><mdHrLvName Sync="TRUE">dataset</mdHrLvName><refSysInfo><RefSystem><refSysID><identCode code="2227" Sync="TRUE"/><idCodeSpace Sync="TRUE">EPSG</idCodeSpace><idVersion Sync="TRUE">7.11.2</idVersion></refSysID></RefSystem></refSysInfo><spatRepInfo><VectSpatRep><geometObjs Name="SanFranciscoTrafficDensity_2010CensusTracts"><geoObjTyp><GeoObjTypCd value="002" Sync="TRUE"/></geoObjTyp><geoObjCnt Sync="TRUE">195</geoObjCnt></geometObjs><topLvl><TopoLevCd value="001" Sync="TRUE"/></topLvl></VectSpatRep></spatRepInfo><spdoinfo><ptvctinf><esriterm Name="SanFranciscoTrafficDensity_2010CensusTracts"><efeatyp Sync="TRUE">Simple</efeatyp><efeageom code="4" Sync="TRUE"/><esritopo Sync="TRUE">FALSE</esritopo><efeacnt Sync="TRUE">195</efeacnt><spindex Sync="TRUE">TRUE</spindex><linrefer Sync="TRUE">FALSE</linrefer></esriterm></ptvctinf></spdoinfo><mdDateSt Sync="TRUE">20130621</mdDateSt></metadata>
