<metadata xml:lang="en"><Esri><CreaDate>20121120</CreaDate><CreaTime>17302900</CreaTime><ArcGISFormat>1.0</ArcGISFormat><SyncOnce>FALSE</SyncOnce><DataProperties><lineage><Process Name="Feature Class to Feature Class" ToolSource="C:\Program Files\ArcGIS\Desktop10.0\ArcToolbox\Toolboxes\Conversion Tools.tbx\FeatureClassToFeatureClass" Date="20121120" Time="173029" export="">FeatureClassToFeatureClass SupervisorDistrict2012_Layer N:\Stephanie\SCI\ZippedShapefiles\Demographics SanFranciscoRaceEthnicity.shp # "SupDist "SupDist" true true false 2 Short 0 0 ,First,#,N:\Stephanie\SCI\SCI_Indicator_Tables.gdb\Boundaries\SupervisorDistrict2012,SupervisorDistrict2012.SupDist,-1,-1;Hmless_cnt "Hmless_cnt" true true false 2 Short 0 0 ,First,#,N:\Stephanie\SCI\SCI_Indicator_Tables.gdb\Boundaries\SupervisorDistrict2012,SupervisorDistrict2012.Hmless_cnt,-1,-1;Hmless_pT "Hmless_pT" true true false 4 Float 0 0 ,First,#,N:\Stephanie\SCI\SCI_Indicator_Tables.gdb\Boundaries\SupervisorDistrict2012,SupervisorDistrict2012.Hmless_pT,-1,-1;Hmless_pct "Hmless_pct" true true false 4 Float 0 0 ,First,#,N:\Stephanie\SCI\SCI_Indicator_Tables.gdb\Boundaries\SupervisorDistrict2012,SupervisorDistrict2012.Hmless_pct,-1,-1" #</Process></lineage><itemProps><itemName Sync="TRUE">SanFranciscoRaceEthnicity</itemName><imsContentType Sync="TRUE">002</imsContentType><nativeExtBox><westBL Sync="TRUE">5979385.645657</westBL><eastBL Sync="TRUE">6024740.999828</eastBL><southBL Sync="TRUE">2085840.473977</southBL><northBL Sync="TRUE">2131294.000196</northBL><exTypeCode Sync="TRUE">1</exTypeCode></nativeExtBox><itemSize Sync="TRUE">0.617</itemSize><itemLocation><linkage Sync="TRUE">file://\\fox-pr01\fox-gis$\Stephanie\SCI\ZippedShapefiles\Demographics\SanFranciscoRaceEthnicity.shp</linkage><protocol Sync="TRUE">Local Area Network</protocol></itemLocation></itemProps><coordRef><type Sync="TRUE">Projected</type><geogcsn Sync="TRUE">GCS_North_American_1983</geogcsn><csUnits Sync="TRUE">Linear Unit: Foot_US (0.304801)</csUnits><projcsn Sync="TRUE">NAD_1983_StatePlane_California_III_FIPS_0403_Feet</projcsn><peXml Sync="TRUE">&lt;ProjectedCoordinateSystem xsi:type='typens:ProjectedCoordinateSystem' xmlns:xsi='http://www.w3.org/2001/XMLSchema-instance' xmlns:xs='http://www.w3.org/2001/XMLSchema' xmlns:typens='http://www.esri.com/schemas/ArcGIS/10.0'&gt;&lt;WKT&gt;PROJCS[&amp;quot;NAD_1983_StatePlane_California_III_FIPS_0403_Feet&amp;quot;,GEOGCS[&amp;quot;GCS_North_American_1983&amp;quot;,DATUM[&amp;quot;D_North_American_1983&amp;quot;,SPHEROID[&amp;quot;GRS_1980&amp;quot;,6378137.0,298.257222101]],PRIMEM[&amp;quot;Greenwich&amp;quot;,0.0],UNIT[&amp;quot;Degree&amp;quot;,0.0174532925199433]],PROJECTION[&amp;quot;Lambert_Conformal_Conic&amp;quot;],PARAMETER[&amp;quot;False_Easting&amp;quot;,6561666.666666666],PARAMETER[&amp;quot;False_Northing&amp;quot;,1640416.666666667],PARAMETER[&amp;quot;Central_Meridian&amp;quot;,-120.5],PARAMETER[&amp;quot;Standard_Parallel_1&amp;quot;,37.06666666666667],PARAMETER[&amp;quot;Standard_Parallel_2&amp;quot;,38.43333333333333],PARAMETER[&amp;quot;Latitude_Of_Origin&amp;quot;,36.5],UNIT[&amp;quot;Foot_US&amp;quot;,0.3048006096012192],AUTHORITY[&amp;quot;EPSG&amp;quot;,2227]]&lt;/WKT&gt;&lt;XOrigin&gt;-115860600&lt;/XOrigin&gt;&lt;YOrigin&gt;-93269500&lt;/YOrigin&gt;&lt;XYScale&gt;36787427.345686711&lt;/XYScale&gt;&lt;ZOrigin&gt;-100000&lt;/ZOrigin&gt;&lt;ZScale&gt;10000&lt;/ZScale&gt;&lt;MOrigin&gt;-100000&lt;/MOrigin&gt;&lt;MScale&gt;10000&lt;/MScale&gt;&lt;XYTolerance&gt;0.0032808333333333335&lt;/XYTolerance&gt;&lt;ZTolerance&gt;0.001&lt;/ZTolerance&gt;&lt;MTolerance&gt;0.001&lt;/MTolerance&gt;&lt;HighPrecision&gt;true&lt;/HighPrecision&gt;&lt;WKID&gt;2227&lt;/WKID&gt;&lt;/ProjectedCoordinateSystem&gt;</peXml></coordRef></DataProperties><SyncDate>20121120</SyncDate><SyncTime>17304500</SyncTime><ModDate>20121120</ModDate><ModTime>17315400</ModTime><ArcGISProfile>ItemDescription</ArcGISProfile></Esri><mdLang><languageCode value="eng"/><countryCode value="USA" Sync="TRUE"/></mdLang><mdHrLv><ScopeCd value="005"/></mdHrLv><mdStanName>ArcGIS Metadata</mdStanName><mdStanVer>1.0</mdStanVer><dataIdInfo><idCitation><resTitle Sync="FALSE">Homeless Population, San Francisco, CA</resTitle><presForm><PresFormCd value="005" Sync="TRUE"/></presForm></idCitation><idPurp>Unsheltered homeless persons by supervisorial district.</idPurp><idAbs>&lt;DIV STYLE="text-align:Left;"&gt;&lt;DIV&gt;&lt;DIV&gt;&lt;P&gt;&lt;SPAN&gt;The homeless count is based on a visual point-in-time count of unsheltered homeless persons living outdoors, in vehicles, in makeshift structures or encampments, and in other structures or areas not intended for human habitation. It was conducted over a four-hour time window (8 p.m. to midnight) on the night of January 27, 2011.&lt;/SPAN&gt;&lt;/P&gt;&lt;P&gt;&lt;SPAN&gt;The number of unsheltered homeless per 1,000 residents was calculated by dividing the count in each supervisorial district by the number of residents in the district. The percent of unsheltered homeless in each district was calculated by dividing the number of homeless in each district by the total number of unsheltered homeless.&lt;/SPAN&gt;&lt;/P&gt;&lt;P&gt;&lt;SPAN STYLE="font-weight:bold;"&gt;Fields:&lt;/SPAN&gt;&lt;/P&gt;&lt;P&gt;&lt;SPAN&gt;SupDist: Supervisorial District&lt;/SPAN&gt;&lt;/P&gt;&lt;P&gt;&lt;SPAN&gt;Hmless_cnt: Street homeless count&lt;/SPAN&gt;&lt;/P&gt;&lt;P&gt;&lt;SPAN&gt;Hmless_pT: Street homeless per 1,000 residents &lt;/SPAN&gt;&lt;/P&gt;&lt;P&gt;&lt;SPAN&gt;Hmless_pct: Percent of total street homeless population&lt;/SPAN&gt;&lt;/P&gt;&lt;P STYLE="margin:1 1 1 0;"&gt;&lt;SPAN STYLE="font-weight:bold;"&gt;Sources:&lt;/SPAN&gt;&lt;/P&gt;&lt;P STYLE="margin:1 1 1 0;"&gt;&lt;SPAN /&gt;&lt;/P&gt;&lt;P STYLE="margin:1 1 1 0;"&gt;&lt;SPAN&gt;2011 San Francisco Homeless Point-In-Time Count &amp;amp; Survey, http://www.sfgov3.org/Modules/ShowDocument.aspx?documentid=787&lt;/SPAN&gt;&lt;/P&gt;&lt;/DIV&gt;&lt;/DIV&gt;&lt;/DIV&gt;</idAbs><searchKeys><keyword>sci</keyword><keyword>sustainable communities index</keyword><keyword>hdmt</keyword><keyword>healthy development measurement tool</keyword><keyword>san francisco</keyword><keyword>environmental health</keyword><keyword>department of public health</keyword><keyword>dph</keyword><keyword>sfdph</keyword><keyword>sfphes</keyword><keyword>phes</keyword><keyword>demographics</keyword><keyword>homelessness</keyword><keyword>homeless count</keyword><keyword>supervisor district</keyword></searchKeys><resConst><Consts><useLimit>&lt;DIV STYLE="text-align:Left;"&gt;&lt;DIV&gt;&lt;DIV&gt;&lt;P&gt;&lt;SPAN&gt;There is criticism that the current methodology for counting homeless leaves many individuals uncounted and does not capture the extent of the homeless problem. Homeless advocates have noted that the count misses people living in cars and does not count families living in single room occupancy hotels (SROs). In addition, one advocate noted that &lt;/SPAN&gt;&lt;A href="http://sfgate.com/cgi-bin/article.cgi?f=/c/a/2007/03/29/BAGOGOTSAU1.DTL"&gt;&lt;SPAN&gt;"half the hospitals failed to report" &lt;/SPAN&gt;&lt;/A&gt;&lt;SPAN&gt;the homeless count.&lt;/SPAN&gt;&lt;/P&gt;&lt;P&gt;&lt;SPAN STYLE="font-weight:bold;"&gt;SFDPH Disclaimer: &lt;/SPAN&gt;&lt;SPAN&gt;This data is being provided as public information as defined under San Francisco and California public records laws. The San Francisco Department of Public Health (SFDPH, or the Department) cannot limit or restrict the use of this data or its interpretation by other parties in any way. Where the data is communicated, distributed, reproduced, mapped, or used in any other way, the user should acknowledge SFDPH as the source of the data, provide a reference to the original data source where also applicable, and note any caveats specified in the associated methodological documentation provided by the Department. However, users should not attribute their analysis or interpretation of this data to SFDPH. While the data has been collected and/or produced for the use of SFDPH, the Department cannot guarantee its accuracy or completeness. As all data is associated with methodological assumptions and limitations, the Department recommends that users review methodological documentation associated with the data prior to its analysis, interpretation, or communication.&lt;/SPAN&gt;&lt;/P&gt;&lt;/DIV&gt;&lt;/DIV&gt;&lt;/DIV&gt;</useLimit></Consts></resConst><idCredit>City/County of San Francisco Department of Public Health, Environmental Health, Program on Health Equity and Sustainability, http://www.sfphes.org</idCredit><envirDesc Sync="TRUE">Microsoft Windows 7 Version 6.1 (Build 7600) ; ESRI ArcGIS 10.0.5.4400</envirDesc><dataLang><languageCode value="eng" Sync="TRUE"/><countryCode value="USA" Sync="TRUE"/></dataLang><spatRpType><SpatRepTypCd value="001" Sync="TRUE"/></spatRpType><dataExt><geoEle><GeoBndBox esriExtentType="search"><exTypeCode Sync="TRUE">1</exTypeCode><westBL Sync="TRUE">-122.516338</westBL><eastBL Sync="TRUE">-122.356202</eastBL><northBL Sync="TRUE">37.833505</northBL><southBL Sync="TRUE">37.706124</southBL></GeoBndBox></geoEle></dataExt></dataIdInfo><eainfo><detailed Name="SanFranciscoRaceEthnicity"><enttyp><enttypl Sync="TRUE">SanFranciscoRaceEthnicity</enttypl><enttypt Sync="TRUE">Feature Class</enttypt><enttypc Sync="TRUE">11</enttypc></enttyp><attr><attrlabl Sync="TRUE">FID</attrlabl><attalias Sync="TRUE">FID</attalias><attrtype Sync="TRUE">OID</attrtype><attwidth Sync="TRUE">4</attwidth><atprecis Sync="TRUE">0</atprecis><attscale Sync="TRUE">0</attscale><attrdef Sync="TRUE">Internal feature number.</attrdef><attrdefs Sync="TRUE">ESRI</attrdefs><attrdomv><udom Sync="TRUE">Sequential unique whole numbers that are automatically generated.</udom></attrdomv></attr><attr><attrlabl Sync="TRUE">Shape</attrlabl><attalias Sync="TRUE">Shape</attalias><attrtype Sync="TRUE">Geometry</attrtype><attwidth Sync="TRUE">0</attwidth><atprecis Sync="TRUE">0</atprecis><attscale Sync="TRUE">0</attscale><attrdef Sync="TRUE">Feature geometry.</attrdef><attrdefs Sync="TRUE">ESRI</attrdefs><attrdomv><udom Sync="TRUE">Coordinates defining the features.</udom></attrdomv></attr><attr><attrlabl Sync="TRUE">SupDist</attrlabl><attalias Sync="TRUE">SupDist</attalias><attrtype Sync="TRUE">SmallInteger</attrtype><attwidth Sync="TRUE">4</attwidth><atprecis Sync="TRUE">4</atprecis><attscale Sync="TRUE">0</attscale></attr><attr><attrlabl Sync="TRUE">Hmless_cnt</attrlabl><attalias Sync="TRUE">Hmless_cnt</attalias><attrtype Sync="TRUE">SmallInteger</attrtype><attwidth Sync="TRUE">4</attwidth><atprecis Sync="TRUE">4</atprecis><attscale Sync="TRUE">0</attscale></attr><attr><attrlabl Sync="TRUE">Hmless_pT</attrlabl><attalias Sync="TRUE">Hmless_pT</attalias><attrtype Sync="TRUE">Single</attrtype><attwidth Sync="TRUE">13</attwidth><atprecis Sync="TRUE">0</atprecis><attscale Sync="TRUE">0</attscale></attr><attr><attrlabl Sync="TRUE">Hmless_pct</attrlabl><attalias Sync="TRUE">Hmless_pct</attalias><attrtype Sync="TRUE">Single</attrtype><attwidth Sync="TRUE">13</attwidth><atprecis Sync="TRUE">0</atprecis><attscale Sync="TRUE">0</attscale></attr></detailed></eainfo><distInfo><distFormat><formatName Sync="TRUE">Shapefile</formatName></distFormat><distTranOps><transSize Sync="TRUE">0.617</transSize></distTranOps></distInfo><mdHrLvName Sync="TRUE">dataset</mdHrLvName><refSysInfo><RefSystem><refSysID><identCode code="2227" Sync="TRUE"/><idCodeSpace Sync="TRUE">EPSG</idCodeSpace><idVersion Sync="TRUE">7.4.1</idVersion></refSysID></RefSystem></refSysInfo><spatRepInfo><VectSpatRep><geometObjs Name="SanFranciscoRaceEthnicity"><geoObjTyp><GeoObjTypCd value="002" Sync="TRUE"/></geoObjTyp><geoObjCnt Sync="TRUE">11</geoObjCnt></geometObjs><topLvl><TopoLevCd value="001" Sync="TRUE"/></topLvl></VectSpatRep></spatRepInfo><spdoinfo><ptvctinf><esriterm><efeatyp Sync="TRUE">Simple</efeatyp><efeageom code="4" Sync="TRUE"/><esritopo Sync="TRUE">FALSE</esritopo><efeacnt Sync="TRUE">11</efeacnt><spindex Sync="TRUE">TRUE</spindex><linrefer Sync="TRUE">FALSE</linrefer></esriterm></ptvctinf></spdoinfo><mdDateSt Sync="TRUE">20121120</mdDateSt></metadata>
